Crash_ID,At_Intersection_Flag,Crash_Date,Crash_Severity,Crash_Time,Crash_Year,Day_of_Week,Hour_of_Day,Intersecting_Street_Name,Latitude,Longitude,Speed_Limit,Street_Name,Person_Death_Count,Person_Injury_Severity,Person_Type,KABCO_USD_Value
19086778,True,2022-08-26,B - SUSPECTED MINOR INJURY,753,2022,FRIDAY,7 AM,,,,25,E HUNTER DR,0,B - SUSPECTED MINOR INJURY,Pedestrian,303200
19093623,True,2022-08-26,A - SUSPECTED SERIOUS INJURY,2324,2022,FRIDAY,11 PM,THORN AVE,31.85074484,-106.5808703,30,MACE ST,0,A - SUSPECTED SERIOUS INJURY,Pedestrian,1432400
19114021,True,2022-09-12,N - NOT INJURED,727,2022,MONDAY,7 AM,WEXFORD DR,31.78890484,-106.33899036,35,EDGEMERE BLVD,0,N - NOT INJURED,Pedestrian,0
19119237,True,2022-09-17,B - SUSPECTED MINOR INJURY,652,2022,SATURDAY,6 AM,RADFORD ST,31.78871484,-106.43743034,30,TROWBRIDGE DR,0,B - SUSPECTED MINOR INJURY,Pedestrian,303200
19122648,True,2022-09-20,B - SUSPECTED MINOR INJURY,614,2022,TUESDAY,6 AM,HONOUR POINT PL,31.76923484,-106.22883038,35,MONTWOOD,0,B - SUSPECTED MINOR INJURY,Cyclist,303200
19157027,True,2022-09-23,B - SUSPECTED MINOR INJURY,1722,2022,FRIDAY,5 PM,PELLICANO DR,31.74434484,-106.30182037,40,GEORGE DIETER DR,0,B - SUSPECTED MINOR INJURY,Pedestrian,303200
19145686,True,2022-09-28,B - SUSPECTED MINOR INJURY,2124,2022,WEDNESDAY,9 PM,TELESCOPE CT,31.86220483,-106.44571033,30,LEO ST,0,B - SUSPECTED MINOR INJURY,Pedestrian,303200
19173000,True,2022-10-12,N - NOT INJURED,1914,2022,WEDNESDAY,7 PM,E MILLS AVE,31.76119485,-106.48522033,35,N CAMPBELL ST,0,N - NOT INJURED,Pedestrian,0
19183805,True,2022-10-22,B - SUSPECTED MINOR INJURY,806,2022,SATURDAY,8 AM,MANNY MARTINEZ,31.76034484,-106.40182034,30,DELTA DR,0,B - SUSPECTED MINOR INJURY,Cyclist,303200
19187244,True,2022-10-23,C - POSSIBLE INJURY,1337,2022,SUNDAY,1 PM,JAMAICA ST,31.89896482,-106.43145033,40,WOODROW BEAN TRANSMOUNTAIN DR,0,C - POSSIBLE INJURY,Cyclist,151600
19203825,True,2022-11-01,B - SUSPECTED MINOR INJURY,756,2022,TUESDAY,7 AM,HOWZE ST,31.78850484,-106.43155034,35,TROWBRIDGE DR,0,B - SUSPECTED MINOR INJURY,Pedestrian,303200
19203826,True,2022-11-01,B - SUSPECTED MINOR INJURY,844,2022,TUESDAY,8 AM,N COTTON ST,31.76443485,-106.47357033,30,MAGOFFIN AVE,0,B - SUSPECTED MINOR INJURY,Pedestrian,303200
19224159,True,2022-11-01,B - SUSPECTED MINOR INJURY,1646,2022,TUESDAY,4 PM,BORDEAUX DR,31.69418485,-106.29625037,15,BETEL DR,0,B - SUSPECTED MINOR INJURY,Pedestrian,303200
19214931,True,2022-11-04,C - POSSIBLE INJURY,1646,2022,FRIDAY,4 PM,E YANDELL DR,31.78073484,-106.43286034,30,RAYNOLDS ST,0,C - POSSIBLE INJURY,Pedestrian,151600
19223548,True,2022-11-08,A - SUSPECTED SERIOUS INJURY,1838,2022,TUESDAY,6 PM,MAGOFFIN AVE,31.77188485,-106.46153033,30,S PIEDRAS ST,0,A - SUSPECTED SERIOUS INJURY,Pedestrian,1432400
19248264,True,2022-11-11,C - POSSIBLE INJURY,2100,2022,FRIDAY,9 PM,E 3RD AVE,31.75472485,-106.48581033,40,S MESA ST,0,C - POSSIBLE INJURY,Cyclist,151600
19281334,True,2022-11-15,N - NOT INJURED,1150,2022,TUESDAY,11 AM,E OVERLAND AVE,31.75784485,-106.48458033,35,S KANSAS ST,0,N - NOT INJURED,Pedestrian,0
19248329,True,2022-11-17,B - SUSPECTED MINOR INJURY,1754,2022,THURSDAY,5 PM,TIERRA ESTE DR,31.79229483,-106.25968037,35,EDGEMERE BLVD,0,B - SUSPECTED MINOR INJURY,Pedestrian,303200
19278605,True,2022-11-28,B - SUSPECTED MINOR INJURY,1651,2022,MONDAY,4 PM,MORENCI RD,31.78978484,-106.45301033,30,N COPIA ST,0,B - SUSPECTED MINOR INJURY,Pedestrian,303200
19273954,True,2022-12-02,B - SUSPECTED MINOR INJURY,145,2022,FRIDAY,1 AM,,,,40,GEORGE DIETER,0,B - SUSPECTED MINOR INJURY,Pedestrian,303200
19283994,True,2022-12-09,N - NOT INJURED,1117,2022,FRIDAY,11 AM,EDGEMERE BLVD,31.79050484,-106.30232036,40,GEORGE DIETER DR,0,N - NOT INJURED,Cyclist,0
19285964,True,2022-12-15,C - POSSIBLE INJURY,1604,2022,THURSDAY,4 PM,SIOUX DR,31.78399484,-106.40145034,30,EDGEMERE BLVD,0,C - POSSIBLE INJURY,Pedestrian,151600
19286367,True,2022-12-15,B - SUSPECTED MINOR INJURY,835,2022,THURSDAY,8 AM,WREN AVE,31.87738483,-106.41267034,30,ROANOKE DR,0,B - SUSPECTED MINOR INJURY,Pedestrian,303200
19322341,True,2023-01-06,B - SUSPECTED MINOR INJURY,900,2023,FRIDAY,9 AM,SOUTHWESTERN DR,31.86364484,-106.5741203,45,E REDD RD,0,B - SUSPECTED MINOR INJURY,Pedestrian,303200
19333247,True,2023-01-11,B - SUSPECTED MINOR INJURY,1858,2023,WEDNESDAY,6 PM,PELLICANO DR,31.74761484,-106.31898036,45,N LEE TREVINO DR,0,B - SUSPECTED MINOR INJURY,Pedestrian,303200
19334999,True,2023-01-12,N - NOT INJURED,1900,2023,THURSDAY,7 PM,E SAN ANTONIO AVE,31.75875485,-106.48481033,35,S KANSAS ST,0,N - NOT INJURED,Cyclist,0
19346142,True,2023-01-18,C - POSSIBLE INJURY,1708,2023,WEDNESDAY,5 PM,TIERRA TAOS DR,31.87155483,-106.5582803,45,N RESLER DR,0,C - POSSIBLE INJURY,Pedestrian,151600
19348537,True,2023-01-20,N - NOT INJURED,1110,2023,FRIDAY,11 AM,S OREGON ST,31.75363485,-106.48656033,30,E 4TH AVE,0,N - NOT INJURED,Pedestrian,0
19370971,True,2023-02-03,C - POSSIBLE INJURY,1809,2023,FRIDAY,6 PM,TEXAS AVE,31.75997485,-106.48542033,30,N KANSAS ST,0,C - POSSIBLE INJURY,Pedestrian,151600
19433627,True,2023-02-03,B - SUSPECTED MINOR INJURY,1641,2023,FRIDAY,4 PM,LOMA DEL SOL DR,31.94062482,-106.44245033,40,LOMA CLARA CT,0,B - SUSPECTED MINOR INJURY,Cyclist,303200
19382347,True,2023-02-09,B - SUSPECTED MINOR INJURY,1548,2023,THURSDAY,3 PM,E SCHUSTER AVE,31.77867485,-106.48722032,35,BROWN ST,0,B - SUSPECTED MINOR INJURY,Pedestrian,303200
19389757,True,2023-02-14,B - SUSPECTED MINOR INJURY,1318,2023,TUESDAY,1 PM,ARIZONA AVE,31.76483485,-106.49375032,30,N OREGON ST,0,B - SUSPECTED MINOR INJURY,Pedestrian,303200
19444184,True,2023-03-18,B - SUSPECTED MINOR INJURY,253,2023,SATURDAY,2 AM,W ROBINSON AVE,31.77567485,-106.50335032,30,W ROBINSON AVE,0,B - SUSPECTED MINOR INJURY,Pedestrian,303200
19456082,True,2023-03-23,C - POSSIBLE INJURY,800,2023,THURSDAY,8 AM,MYRTLE AVE,31.76247485,-106.47977033,35,ANGE ST,0,C - POSSIBLE INJURY,Pedestrian,151600
19476535,True,2023-04-04,B - SUSPECTED MINOR INJURY,1830,2023,TUESDAY,6 PM,VISTA DEL SOL DR,31.75434272,-106.33801156,35,VISTA DEL SOL DR,0,B - SUSPECTED MINOR INJURY,Pedestrian,303200
19503334,True,2023-04-18,C - POSSIBLE INJURY,1605,2023,TUESDAY,4 PM,LOS ANGELES DR,31.75990485,-106.49773032,30,MUNDY DR,0,C - POSSIBLE INJURY,Cyclist,151600
19502014,True,2023-04-20,B - SUSPECTED MINOR INJURY,1039,2023,THURSDAY,10 AM,N PIEDRAS ST,31.78173484,-106.46144033,35,E YANDELL DR,0,B - SUSPECTED MINOR INJURY,Pedestrian,303200
19511993,True,2023-04-26,C - POSSIBLE INJURY,805,2023,WEDNESDAY,8 AM,MATAGORDA ST,31.78377484,-106.31011036,35,PEBBLE HILLS BLVD,0,C - POSSIBLE INJURY,Pedestrian,151600
19529840,True,2023-04-29,B - SUSPECTED MINOR INJURY,1800,2023,SATURDAY,6 PM,NOLAN RICHARDSON DR,31.79229483,-106.27636037,40,EDGEMERE BLVD,0,B - SUSPECTED MINOR INJURY,Pedestrian,303200
19529851,True,2023-05-01,B - SUSPECTED MINOR INJURY,1917,2023,MONDAY,7 PM,RED SAILS DR,31.79045484,-106.31286036,35,EDGEMERE BLVD,0,B - SUSPECTED MINOR INJURY,Cyclist,303200
19531396,True,2023-05-06,A - SUSPECTED SERIOUS INJURY,958,2023,SATURDAY,9 AM,N RESLER DR,31.85525484,-106.55748031,30,HEMPSTEAD DR,0,A - SUSPECTED SERIOUS INJURY,Cyclist,1432400
19568422,True,2023-05-19,C - POSSIBLE INJURY,723,2023,FRIDAY,7 AM,LOMALAND DR,31.73507485,-106.33373036,30,YERMOLAND DR,0,C - POSSIBLE INJURY,Pedestrian,151600
19578292,True,2023-05-31,B - SUSPECTED MINOR INJURY,2244,2023,WEDNESDAY,10 PM,,31.88069483,-106.61660029,30,ALINA BALTAZAR DR,0,B - SUSPECTED MINOR INJURY,Pedestrian,303200
19584656,True,2023-06-02,B - SUSPECTED MINOR INJURY,414,2023,FRIDAY,4 AM,DELTA DR,31.75856485,-106.47366033,35,S COTTON ST,0,B - SUSPECTED MINOR INJURY,Cyclist,303200
19605468,True,2023-06-15,A - SUSPECTED SERIOUS INJURY,932,2023,THURSDAY,9 AM,TEXAS AVE,31.75936485,-106.48634033,30,STANTON ST,0,A - SUSPECTED SERIOUS INJURY,Pedestrian,1432400
19633299,True,2023-06-20,B - SUSPECTED MINOR INJURY,1500,2023,TUESDAY,3 PM,CLOUDVIEW DR,31.83699484,-106.55021031,35,N RESLER DR,0,B - SUSPECTED MINOR INJURY,Pedestrian,303200
19617248,True,2023-06-24,B - SUSPECTED MINOR INJURY,953,2023,SATURDAY,9 AM,TIERRA ESTE RD,31.77988484,-106.25816038,35,PEBBLE HILLS BLVD,0,B - SUSPECTED MINOR INJURY,Pedestrian,303200
19635376,True,2023-06-28,C - POSSIBLE INJURY,1636,2023,WEDNESDAY,4 PM,E OVERLAND AVE,31.75809485,-106.48357033,30,S CAMPBELL ST,0,C - POSSIBLE INJURY,Cyclist,151600
19635382,True,2023-06-29,B - SUSPECTED MINOR INJURY,1635,2023,THURSDAY,4 PM,N COTTON ST,31.77781485,-106.47350033,35,ARIZONA AVE,0,B - SUSPECTED MINOR INJURY,Pedestrian,303200
19634251,True,2023-06-30,B - SUSPECTED MINOR INJURY,1215,2023,FRIDAY,12 PM,MONTANA AVE,31.80292483,-106.29389037,35,LEE BLVD,0,B - SUSPECTED MINOR INJURY,Pedestrian,303200
19650894,True,2023-07-13,B - SUSPECTED MINOR INJURY,2136,2023,THURSDAY,9 PM,DELTA DR,31.75730485,-106.47896033,30,S SAINT VRAIN ST,0,B - SUSPECTED MINOR INJURY,Pedestrian,303200
19705127,True,2023-08-14,B - SUSPECTED MINOR INJURY,948,2023,MONDAY,9 AM,TOM WEISKOPF DR,31.77223484,-106.31988036,40,N LEE TREVINO DR,0,B - SUSPECTED MINOR INJURY,Pedestrian,303200
19734451,True,2023-08-25,C - POSSIBLE INJURY,727,2023,FRIDAY,7 AM,RISNER ST,31.79046484,-106.31026036,35,EDGEMERE BLVD,0,C - POSSIBLE INJURY,Cyclist,151600
19133018,True,2022-09-22,C - POSSIBLE INJURY,839,2022,THURSDAY,8 AM,CHARLES FOSTER AVE,31.77652483,-106.21673038,45,JOHN HAYES ST,0,C - POSSIBLE INJURY,Cyclist,151600
19133765,True,2022-09-23,A - SUSPECTED SERIOUS INJURY,948,2022,FRIDAY,9 AM,OLIVE AVE,31.75988485,-106.48012033,30,E SAN ANTONIO AVE,0,A - SUSPECTED SERIOUS INJURY,Pedestrian,1432400
19265793,True,2022-12-02,B - SUSPECTED MINOR INJURY,1927,2022,FRIDAY,7 PM,LEE BLVD,31.78244484,-106.29362037,35,PEBBLE HILLS BLVD,0,B - SUSPECTED MINOR INJURY,Pedestrian,303200
19363814,True,2023-01-25,B - SUSPECTED MINOR INJURY,1634,2023,WEDNESDAY,4 PM,BROOKROCK ST,31.79208484,-106.33033036,35,EDGEMERE BLVD,0,B - SUSPECTED MINOR INJURY,Pedestrian,303200
19364450,True,2023-01-28,B - SUSPECTED MINOR INJURY,1522,2023,SATURDAY,3 PM,PELL WAY,31.70340152,-106.3200917,45,N ZARAGOZA RD,0,B - SUSPECTED MINOR INJURY,Pedestrian,303200
19397640,True,2023-02-18,B - SUSPECTED MINOR INJURY,1343,2023,SATURDAY,1 PM,SUN VALLEY DR,31.91054482,-106.42342033,35,RUSHING RD,0,B - SUSPECTED MINOR INJURY,Pedestrian,303200
19428528,True,2023-03-08,B - SUSPECTED MINOR INJURY,1420,2023,WEDNESDAY,2 PM,PELLICANO DR,31.74434484,-106.30182037,40,GEORGE DIETER DR,0,B - SUSPECTED MINOR INJURY,Pedestrian,303200
19463525,True,2023-03-28,K - FATAL INJURY,1322,2023,TUESDAY,1 PM,AMY SUE DR,31.76888484,-106.31773036,35,MONTWOOD DR,1,K - FATAL INJURY,Pedestrian,13749500
19589143,True,2023-06-06,N - NOT INJURED,924,2023,TUESDAY,9 AM,GEORGE DIETER DR,31.74259484,-106.30181037,30,PENDALE RD,0,N - NOT INJURED,Pedestrian,0
19593607,True,2023-06-06,B - SUSPECTED MINOR INJURY,1223,2023,TUESDAY,12 PM,E CLIFF DR,31.77043485,-106.49206032,30,N FLORENCE ST,0,B - SUSPECTED MINOR INJURY,Pedestrian,303200
19625167,True,2023-06-26,C - POSSIBLE INJURY,824,2023,MONDAY,8 AM,RICH BEEM BLVD,31.81474483,-106.24784038,30,OSMUNDO NUNEZ CT,0,C - POSSIBLE INJURY,Pedestrian,151600
19624812,True,2023-06-28,B - SUSPECTED MINOR INJURY,745,2023,WEDNESDAY,7 AM,VISTA DEL SOL DR,31.75719484,-106.34790036,30,SUMAC DR,0,B - SUSPECTED MINOR INJURY,Pedestrian,303200
19723155,True,2023-08-25,B - SUSPECTED MINOR INJURY,1335,2023,FRIDAY,1 PM,ALTURA AVE,31.79682484,-106.46592033,45,ALABAMA ST,0,B - SUSPECTED MINOR INJURY,Pedestrian,303200
19736691,True,2023-08-30,B - SUSPECTED MINOR INJURY,807,2023,WEDNESDAY,8 AM,E UNIVERSITY AVE,31.77497485,-106.49743032,30,N CAMPBELL ST,0,B - SUSPECTED MINOR INJURY,Cyclist,303200
19732811,True,2023-08-31,B - SUSPECTED MINOR INJURY,725,2023,THURSDAY,7 AM,SPANISH POINT DR,31.79385483,-106.21694038,30,JOHN HAYES ST,0,B - SUSPECTED MINOR INJURY,Cyclist,303200
19745465,True,2023-09-04,B - SUSPECTED MINOR INJURY,1853,2023,MONDAY,6 PM,ORIZABA AVE,31.84502485,-106.55813031,30,BELVIDERE ST,0,B - SUSPECTED MINOR INJURY,Pedestrian,303200
19764874,True,2023-09-12,B - SUSPECTED MINOR INJURY,510,2023,TUESDAY,5 AM,N OREGON ST,31.76111485,-106.49052033,30,E MISSOURI AVE,0,B - SUSPECTED MINOR INJURY,Cyclist,303200
19772117,True,2023-09-15,A - SUSPECTED SERIOUS INJURY,1400,2023,FRIDAY,2 PM,FIREHOUSE DR,31.75857484,-106.27729037,35,SAUL KLEINFELD DR,0,A - SUSPECTED SERIOUS INJURY,Cyclist,1432400
19784698,True,2023-09-26,B - SUSPECTED MINOR INJURY,748,2023,TUESDAY,7 AM,VIA DESCANSO DR,31.86172483,-106.52402031,30,OJO DE AGUA DR,0,B - SUSPECTED MINOR INJURY,Cyclist,303200
19819095,True,2023-10-12,B - SUSPECTED MINOR INJURY,1726,2023,THURSDAY,5 PM,ANDREW WISEMAN ST,31.81997483,-106.24190038,35,EASTBROOK DR,0,B - SUSPECTED MINOR INJURY,Cyclist,303200
19832656,True,2023-10-14,B - SUSPECTED MINOR INJURY,1300,2023,SATURDAY,1 PM,S SEVILLE DR,31.76025485,-106.40668034,35,DELTA DR,0,B - SUSPECTED MINOR INJURY,Pedestrian,303200
19852733,True,2023-10-23,C - POSSIBLE INJURY,1939,2023,MONDAY,7 PM,LEE BLVD,31.78244477,-106.29362544,35,PEBBLE HILLS BLVD,0,C - POSSIBLE INJURY,Pedestrian,151600
19833436,True,2023-10-26,B - SUSPECTED MINOR INJURY,1245,2023,THURSDAY,12 PM,CLOUDVIEW DR,31.83699484,-106.55021031,30,N RESLER DR,0,B - SUSPECTED MINOR INJURY,Pedestrian,303200
19841569,True,2023-10-26,A - SUSPECTED SERIOUS INJURY,900,2023,THURSDAY,9 AM,TIERRA NEVADA DR,31.79280483,-106.25553038,40,EDGEMERE BLVD,0,A - SUSPECTED SERIOUS INJURY,Pedestrian,1432400
19882044,True,2023-11-04,B - SUSPECTED MINOR INJURY,1400,2023,SATURDAY,2 PM,N GATEWAY BLVD,31.82288484,-106.43711033,55,RAILROAD DR,0,B - SUSPECTED MINOR INJURY,Pedestrian,303200
19867940,True,2023-11-06,N - NOT INJURED,759,2023,MONDAY,7 AM,SCOTT SIMPSON DR,31.74612484,-106.30184037,40,GEORGE DIETER DR,0,N - NOT INJURED,Cyclist,0
19870653,True,2023-11-15,C - POSSIBLE INJURY,1801,2023,WEDNESDAY,6 PM,OVEJA AVE,31.84867484,-106.54976031,30,QUERETARO DR,0,C - POSSIBLE INJURY,Pedestrian,151600
19875699,True,2023-11-17,K - FATAL INJURY,425,2023,FRIDAY,4 AM,,31.77705485,-106.47110033,35,MONTANA AVE,1,K - FATAL INJURY,Pedestrian,13749500
19884458,True,2023-11-18,B - SUSPECTED MINOR INJURY,1215,2023,SATURDAY,12 PM,E YANDELL DR,31.77446485,-106.47346033,35,N COTTON ST,0,B - SUSPECTED MINOR INJURY,Pedestrian,303200
19882053,True,2023-11-21,B - SUSPECTED MINOR INJURY,1635,2023,TUESDAY,4 PM,RUSHING RD,31.91349482,-106.42229033,30,DONALD DR,0,B - SUSPECTED MINOR INJURY,Pedestrian,303200
19895251,True,2023-11-28,C - POSSIBLE INJURY,1536,2023,TUESDAY,3 PM,WYOMING AVE,31.76627485,-106.48439033,30,N SAINT VRAIN ST,0,C - POSSIBLE INJURY,Pedestrian,151600
19895251,True,2023-11-28,C - POSSIBLE INJURY,1536,2023,TUESDAY,3 PM,WYOMING AVE,31.76627485,-106.48439033,30,N SAINT VRAIN ST,0,C - POSSIBLE INJURY,Pedestrian,151600
19895251,True,2023-11-28,C - POSSIBLE INJURY,1536,2023,TUESDAY,3 PM,WYOMING AVE,31.76627485,-106.48439033,30,N SAINT VRAIN ST,0,C - POSSIBLE INJURY,Pedestrian,151600
19902067,True,2023-11-30,N - NOT INJURED,1245,2023,THURSDAY,12 PM,FIREHOUSE DR,31.76154484,-106.27380037,35,MONTWOOD DR,0,N - NOT INJURED,Pedestrian,0
19898767,True,2023-12-01,A - SUSPECTED SERIOUS INJURY,803,2023,FRIDAY,8 AM,E FRANKLIN AVE,31.76207485,-106.48739033,35,N KANSAS ST,0,A - SUSPECTED SERIOUS INJURY,Pedestrian,1432400
19899799,True,2023-12-01,B - SUSPECTED MINOR INJURY,1515,2023,FRIDAY,3 PM,ESTHER LAMA DR,31.72371485,-106.30280037,40,GEORGE DIETER,0,B - SUSPECTED MINOR INJURY,Pedestrian,303200
19927263,True,2023-12-02,A - SUSPECTED SERIOUS INJURY,733,2023,SATURDAY,7 AM,MARCUS URIBE DR,31.93641482,-106.42480033,35,SEAN HAGGERTY DR,0,A - SUSPECTED SERIOUS INJURY,Pedestrian,1432400
19937911,True,2023-12-11,B - SUSPECTED MINOR INJURY,1810,2023,MONDAY,6 PM,WESTWIND DR,31.84337484,-106.53565031,40,ESCONDIDO DR,0,B - SUSPECTED MINOR INJURY,Pedestrian,303200
19929177,True,2023-12-17,C - POSSIBLE INJURY,1633,2023,SUNDAY,4 PM,SHOPPERS RD,31.87776483,-106.41978033,30,WREN AVE,0,C - POSSIBLE INJURY,Pedestrian,151600
19932826,True,2023-12-19,C - POSSIBLE INJURY,800,2023,TUESDAY,8 AM,MAZATLAN DR,31.74914484,-106.34812036,30,VENADO DR,0,C - POSSIBLE INJURY,Pedestrian,151600
19938484,True,2023-12-22,A - SUSPECTED SERIOUS INJURY,820,2023,FRIDAY,8 AM,N RESLER DR,31.85155484,-106.55515031,35,BELVIDERE ST,0,A - SUSPECTED SERIOUS INJURY,Pedestrian,1432400
19940227,True,2023-12-23,C - POSSIBLE INJURY,1525,2023,SATURDAY,3 PM,ECLIPSE ST,31.85489483,-106.44983033,40,HERCULES AVE,0,C - POSSIBLE INJURY,Pedestrian,151600
19947902,True,2023-12-27,C - POSSIBLE INJURY,1700,2023,WEDNESDAY,5 PM,DEER AVE,31.90654482,-106.39421034,35,CROSS ST,0,C - POSSIBLE INJURY,Pedestrian,151600
19961612,True,2024-01-05,N - NOT INJURED,1645,2024,FRIDAY,4 PM,STAHALA DR,31.86975479,-106.4346423,40,HONDO PASS DR,0,N - NOT INJURED,Pedestrian,0
19981254,True,2024-01-17,C - POSSIBLE INJURY,1053,2024,WEDNESDAY,10 AM,N KANSAS ST,31.76645485,-106.49120032,35,ARIZONA AVE,0,C - POSSIBLE INJURY,Pedestrian,151600
19994703,True,2024-01-19,B - SUSPECTED MINOR INJURY,1600,2024,FRIDAY,4 PM,G R CAMPUZANO DR,31.81527,-106.24784038,30,RICH BEEM BLVD,0,B - SUSPECTED MINOR INJURY,Pedestrian,303200
19990303,True,2024-01-23,A - SUSPECTED SERIOUS INJURY,1911,2024,TUESDAY,7 PM,SIOUX DR,31.78399484,-106.40145034,30,EDGEMERE BLVD,0,A - SUSPECTED SERIOUS INJURY,Pedestrian,1432400
20026735,True,2024-02-12,C - POSSIBLE INJURY,1632,2024,MONDAY,4 PM,N KANSAS ST,31.77512485,-106.49887032,-1,KERBEY AVE,0,C - POSSIBLE INJURY,Pedestrian,151600
20027891,True,2024-02-14,B - SUSPECTED MINOR INJURY,1253,2024,WEDNESDAY,12 PM,GEIGER AVE,31.76368484,-106.41180034,30,CARGILL ST,0,B - SUSPECTED MINOR INJURY,Pedestrian,303200
20031809,True,2024-02-14,N - NOT INJURED,1300,2024,WEDNESDAY,1 PM,GILES RD,31.74580485,-106.35390036,30,SANTA MONICA CT,0,99 - UNKNOWN,Cyclist,0
20044306,True,2024-02-23,A - SUSPECTED SERIOUS INJURY,732,2024,FRIDAY,7 AM,LOMITA DR,31.72877485,-106.33591036,40,LOMALAND DR,0,A - SUSPECTED SERIOUS INJURY,Pedestrian,1432400
20046719,True,2024-02-26,B - SUSPECTED MINOR INJURY,1213,2024,MONDAY,12 PM,HITCHCOCK AVE,31.78847484,-106.32329036,45,N LEE TREVINO DR,0,B - SUSPECTED MINOR INJURY,Pedestrian,303200
20047971,True,2024-02-26,B - SUSPECTED MINOR INJURY,859,2024,MONDAY,8 AM,STAHALA DR,31.86975483,-106.43464033,30,STAHALA DR,0,B - SUSPECTED MINOR INJURY,Cyclist,303200
20056868,True,2024-03-02,B - SUSPECTED MINOR INJURY,1045,2024,SATURDAY,10 AM,LIMERICK RD,31.78887484,-106.34068036,35,EDGEMERE BLVD,0,B - SUSPECTED MINOR INJURY,Cyclist,303200
20079850,True,2024-03-14,C - POSSIBLE INJURY,811,2024,THURSDAY,8 AM,VISTA DEL SOL DR,31.75741484,-106.32948036,35,LOMALAND DR,0,C - POSSIBLE INJURY,Pedestrian,151600
20089743,True,2024-03-19,N - NOT INJURED,1702,2024,TUESDAY,5 PM,W UNIVERSITY AVE,31.77277485,-106.50077032,30,N OREGON ST,0,N - NOT INJURED,Pedestrian,0
20087530,True,2024-03-20,N - NOT INJURED,1945,2024,WEDNESDAY,7 PM,BUCKWOOD DR,31.76683484,-106.35045036,45,WEDGEWOOD DR,0,N - NOT INJURED,Pedestrian,0
20097961,True,2024-03-26,C - POSSIBLE INJURY,1340,2024,TUESDAY,1 PM,MONTWOOD DR,31.76888499,-106.31772007,35,MONTWOOD DR,0,C - POSSIBLE INJURY,Cyclist,151600
20111256,True,2024-04-03,B - SUSPECTED MINOR INJURY,750,2024,WEDNESDAY,7 AM,DEAN JONES DR,31.76281484,-106.28445037,30,SCHOOL LN,0,B - SUSPECTED MINOR INJURY,Pedestrian,303200
20155004,True,2024-04-28,C - POSSIBLE INJURY,2100,2024,SUNDAY,9 PM,E GLEN DR,31.77198484,-106.30160037,30,LAKE OMEGA ST,0,C - POSSIBLE INJURY,Pedestrian,151600
20173642,True,2024-04-30,B - SUSPECTED MINOR INJURY,1550,2024,TUESDAY,3 PM,DAVID CARRASCO DR,31.78142817,-106.30228293,40,GEORGE DIETER DR,0,B - SUSPECTED MINOR INJURY,Cyclist,303200
20167346,True,2024-05-01,C - POSSIBLE INJURY,1636,2024,WEDNESDAY,4 PM,N PIEDRAS ST,31.78103484,-106.46147033,35,WYOMING AVE,0,C - POSSIBLE INJURY,Pedestrian,151600
20167346,True,2024-05-01,C - POSSIBLE INJURY,1636,2024,WEDNESDAY,4 PM,N PIEDRAS ST,31.78103484,-106.46147033,35,WYOMING AVE,0,C - POSSIBLE INJURY,Pedestrian,151600
20185658,True,2024-05-02,C - POSSIBLE INJURY,1653,2024,THURSDAY,4 PM,ATLAS AVE,31.85082322,-106.43647033,30,CLIO ST,0,C - POSSIBLE INJURY,Pedestrian,151600
20188293,True,2024-05-05,B - SUSPECTED MINOR INJURY,2145,2024,SUNDAY,9 PM,SOCORRO RD,31.68946485,-106.32842037,35,S ZARAGOZA RD,0,B - SUSPECTED MINOR INJURY,Pedestrian,303200
20179517,True,2024-05-10,N - NOT INJURED,840,2024,FRIDAY,8 AM,N RESLER DR,31.83699484,-106.55021031,40,CLOUDVIEW DR,0,N - NOT INJURED,Pedestrian,0
20189215,True,2024-05-17,A - SUSPECTED SERIOUS INJURY,2100,2024,FRIDAY,9 PM,LEO ST,31.85149483,-106.44542033,30,ATLAS AVE,0,A - SUSPECTED SERIOUS INJURY,Pedestrian,1432400
20192443,True,2024-05-19,C - POSSIBLE INJURY,1921,2024,SUNDAY,7 PM,HARKIS RD,31.78372484,-106.28938037,30,PRATT AVE,0,C - POSSIBLE INJURY,Pedestrian,151600
20203751,True,2024-05-24,B - SUSPECTED MINOR INJURY,731,2024,FRIDAY,7 AM,RHEIMS CT,31.88972482,-106.40656034,35,MCCOMBS ST,0,B - SUSPECTED MINOR INJURY,Pedestrian,303200
20257770,True,2024-05-30,B - SUSPECTED MINOR INJURY,1347,2024,THURSDAY,1 PM,BREEN ISABEL,31.79693483,-106.25911037,30,TIERRA INCA DR,0,B - SUSPECTED MINOR INJURY,Cyclist,303200
20225594,True,2024-06-07,B - SUSPECTED MINOR INJURY,823,2024,FRIDAY,8 AM,RABE CT,31.70240485,-106.32152037,35,N ZARAGOZA RD,0,B - SUSPECTED MINOR INJURY,Pedestrian,303200
20263776,True,2024-06-19,B - SUSPECTED MINOR INJURY,1500,2024,WEDNESDAY,3 PM,RAY MENA LN,31.93552482,-106.42807033,35,MARCUS URIBE DR,0,B - SUSPECTED MINOR INJURY,Pedestrian,303200
20254912,True,2024-06-24,B - SUSPECTED MINOR INJURY,655,2024,MONDAY,6 AM,S CAMPBELL ST,31.75899485,-106.48376033,35,E SAN ANTONIO AVE,0,B - SUSPECTED MINOR INJURY,Pedestrian,303200
20272563,True,2024-07-04,B - SUSPECTED MINOR INJURY,2127,2024,THURSDAY,9 PM,HOLLY SPRINGS AVE,31.78474756,-106.20820042,35,MIKE PRICE DR,0,B - SUSPECTED MINOR INJURY,Pedestrian,303200
20305739,True,2024-07-22,B - SUSPECTED MINOR INJURY,2005,2024,MONDAY,8 PM,LAKE ALICE DR,31.77329484,-106.29675037,35,TRAWOOD DR,0,B - SUSPECTED MINOR INJURY,Cyclist,303200
20305643,True,2024-07-26,C - POSSIBLE INJURY,713,2024,FRIDAY,7 AM,BOMARC ST,31.89938482,-106.39935034,40,WOODROW BEAN TRANSMOUNTAIN DR,0,C - POSSIBLE INJURY,Pedestrian,151600
20322016,True,2024-08-04,B - SUSPECTED MINOR INJURY,1847,2024,SUNDAY,6 PM,BACKUS ST,31.77386484,-106.36177035,35,MONTWOOD DR,0,B - SUSPECTED MINOR INJURY,Cyclist,303200
20338551,True,2024-08-14,B - SUSPECTED MINOR INJURY,1935,2024,WEDNESDAY,7 PM,JEWEL POINT PL,31.79649483,-106.22162038,45,EDGEMERE BLVD,0,B - SUSPECTED MINOR INJURY,Cyclist,303200
20348949,True,2024-08-20,B - SUSPECTED MINOR INJURY,2245,2024,TUESDAY,10 PM,SAL BERROTERAN DR,31.78468484,-106.28003037,30,STONE CASTLE DR,0,B - SUSPECTED MINOR INJURY,Pedestrian,303200
19787379,True,2023-10-02,N - NOT INJURED,932,2023,MONDAY,9 AM,N COTTON ST,31.76443485,-106.47357033,35,MAGOFFIN AVE,0,N - NOT INJURED,Pedestrian,0
19788037,True,2023-10-02,A - SUSPECTED SERIOUS INJURY,1710,2023,MONDAY,5 PM,S ASCARATE ST,31.75990485,-106.40884034,35,DELTA DR,0,A - SUSPECTED SERIOUS INJURY,Cyclist,1432400
19855432,True,2023-11-06,C - POSSIBLE INJURY,1200,2023,MONDAY,12 PM,ROBERT WYNN ST,31.76925484,-106.30691037,45,MONTWOOD DR,0,C - POSSIBLE INJURY,Pedestrian,151600
19920190,True,2023-12-06,B - SUSPECTED MINOR INJURY,1710,2023,WEDNESDAY,5 PM,,31.76119485,-106.48522033,35,N CAMPBELL ST,0,B - SUSPECTED MINOR INJURY,Pedestrian,303200
19921686,True,2023-12-11,B - SUSPECTED MINOR INJURY,1217,2023,MONDAY,12 PM,W ROBINSON AVE,31.77567485,-106.50335032,30,N OREGON ST,0,B - SUSPECTED MINOR INJURY,Pedestrian,303200
19952568,True,2023-12-26,N - NOT INJURED,2033,2023,TUESDAY,8 PM,N RAYNOR ST,31.78764484,-106.45881033,35,GRANT AVE,0,N - NOT INJURED,Pedestrian,0
20020395,True,2024-02-06,B - SUSPECTED MINOR INJURY,1222,2024,TUESDAY,12 PM,N COTTON ST,31.77331485,-106.47347033,30,WYOMING AVE,0,B - SUSPECTED MINOR INJURY,Cyclist,303200
20213568,True,2024-05-31,B - SUSPECTED MINOR INJURY,637,2024,FRIDAY,6 AM,HUECO AVE,31.78371484,-106.45688033,35,MONTANA AVE,0,B - SUSPECTED MINOR INJURY,Cyclist,303200
20312524,True,2024-07-29,A - SUSPECTED SERIOUS INJURY,1548,2024,MONDAY,3 PM,N LAUREL ST,31.77601485,-106.47457033,30,E RIO GRANDE AVE,0,A - SUSPECTED SERIOUS INJURY,Cyclist,1432400
20389853,True,2024-09-08,B - SUSPECTED MINOR INJURY,1216,2024,SUNDAY,12 PM,JUSTUS ST,31.80493484,-106.45531033,30,PORTER AVE,0,B - SUSPECTED MINOR INJURY,Cyclist,303200
20383354,True,2024-09-09,B - SUSPECTED MINOR INJURY,940,2024,MONDAY,9 AM,INDUSTRIAL AVE,31.76845484,-106.37912035,35,HAWKINS BLVD,0,B - SUSPECTED MINOR INJURY,Pedestrian,303200
20387846,True,2024-09-11,B - SUSPECTED MINOR INJURY,847,2024,WEDNESDAY,8 AM,RAMADA DR,31.84554484,-106.55134031,40,N RESLER DR,0,B - SUSPECTED MINOR INJURY,Cyclist,303200
20400902,True,2024-09-20,A - SUSPECTED SERIOUS INJURY,802,2024,FRIDAY,8 AM,N RESLER DR,31.85935484,-106.5579603,45,E REDD RD,0,A - SUSPECTED SERIOUS INJURY,Cyclist,1432400
20408050,True,2024-09-20,B - SUSPECTED MINOR INJURY,1610,2024,FRIDAY,4 PM,MONTANA AVE,31.78364484,-106.42424034,35,ARGENTINA ST,0,B - SUSPECTED MINOR INJURY,Pedestrian,303200
20423203,True,2024-10-01,B - SUSPECTED MINOR INJURY,1730,2024,TUESDAY,5 PM,N COTTON ST,31.77261485,-106.47348033,35,N WILLIAMS ST,0,B - SUSPECTED MINOR INJURY,Cyclist,303200
20452986,True,2024-10-18,K - FATAL INJURY,35,2024,FRIDAY,12 AM,,31.844634,-106.59751971,35,COUNTRY CLUB RD,1,K - FATAL INJURY,Pedestrian,13749500
20463997,True,2024-10-22,B - SUSPECTED MINOR INJURY,1002,2024,TUESDAY,10 AM,S KANSAS ST,31.75784485,-106.48458033,30,E OVERLAND AVE,0,B - SUSPECTED MINOR INJURY,Pedestrian,303200
20464621,True,2024-10-23,C - POSSIBLE INJURY,1518,2024,WEDNESDAY,3 PM,S MESA ST,31.75211485,-106.48498033,30,E 6TH AVE,0,C - POSSIBLE INJURY,Pedestrian,151600
20502235,True,2024-11-13,B - SUSPECTED MINOR INJURY,751,2024,WEDNESDAY,7 AM,SAUL KLEINFELD DR,31.76719484,-106.28501037,35,MONTWOOD DR,0,B - SUSPECTED MINOR INJURY,Pedestrian,303200
20506958,True,2024-11-15,C - POSSIBLE INJURY,1517,2024,FRIDAY,3 PM,N OREGON ST,31.76917485,-106.49755032,30,W SCHUSTER AVE,0,C - POSSIBLE INJURY,Pedestrian,151600
20516747,True,2024-11-15,C - POSSIBLE INJURY,809,2024,FRIDAY,8 AM,JOHN HAYES ST,31.78965483,-106.21689038,35,RALPH SEITSINGER DR,0,C - POSSIBLE INJURY,Cyclist,151600
20520058,True,2024-11-18,B - SUSPECTED MINOR INJURY,1748,2024,MONDAY,5 PM,ALBERTA AVE,31.77254484,-106.43316034,30,RAYNOLDS ST,0,B - SUSPECTED MINOR INJURY,Pedestrian,303200
20527276,True,2024-11-21,B - SUSPECTED MINOR INJURY,1622,2024,THURSDAY,4 PM,N VIRGINIA ST,31.76863485,-106.48785033,35,ARIZONA AVE,0,B - SUSPECTED MINOR INJURY,Pedestrian,303200
20527276,True,2024-11-21,B - SUSPECTED MINOR INJURY,1622,2024,THURSDAY,4 PM,N VIRGINIA ST,31.76863485,-106.48785033,35,ARIZONA AVE,0,B - SUSPECTED MINOR INJURY,Pedestrian,303200
20527276,True,2024-11-21,B - SUSPECTED MINOR INJURY,1622,2024,THURSDAY,4 PM,N VIRGINIA ST,31.76863485,-106.48785033,35,ARIZONA AVE,0,B - SUSPECTED MINOR INJURY,Pedestrian,303200
20527276,True,2024-11-21,B - SUSPECTED MINOR INJURY,1622,2024,THURSDAY,4 PM,N VIRGINIA ST,31.76863485,-106.48785033,35,ARIZONA AVE,0,B - SUSPECTED MINOR INJURY,Pedestrian,303200
20525105,True,2024-11-25,B - SUSPECTED MINOR INJURY,1752,2024,MONDAY,5 PM,ROSEWOOD ST,31.77926484,-106.46421033,35,WYOMING AVE,0,B - SUSPECTED MINOR INJURY,Pedestrian,303200
20530416,True,2024-11-26,N - NOT INJURED,1809,2024,TUESDAY,6 PM,E REDD RD,31.85935484,-106.5579603,40,N RESLER DR,0,N - NOT INJURED,Cyclist,0
20539063,True,2024-12-04,B - SUSPECTED MINOR INJURY,811,2024,WEDNESDAY,8 AM,S OREGON ST,31.75188485,-106.48599033,25,E 6TH AVE,0,B - SUSPECTED MINOR INJURY,Pedestrian,303200
20539233,True,2024-12-04,B - SUSPECTED MINOR INJURY,1759,2024,WEDNESDAY,5 PM,VICEROY DR,31.91515482,-106.42105033,30,DEARBORNE DR,0,B - SUSPECTED MINOR INJURY,Pedestrian,303200
20570511,True,2024-12-17,A - SUSPECTED SERIOUS INJURY,1513,2024,TUESDAY,3 PM,N VIRGINIA ST,31.76210485,-106.48205033,35,TEXAS AVE,0,A - SUSPECTED SERIOUS INJURY,Pedestrian,1432400
20570514,True,2024-12-19,B - SUSPECTED MINOR INJURY,1614,2024,THURSDAY,4 PM,LEBANON AVE,31.79400484,-106.46141033,30,N PIEDRAS ST,0,B - SUSPECTED MINOR INJURY,Pedestrian,303200
20589909,True,2024-12-20,C - POSSIBLE INJURY,1230,2024,FRIDAY,12 PM,AMPOSTA DR,31.85111483,-106.54128032,15,AMPOSTA DR,0,C - POSSIBLE INJURY,Pedestrian,151600
20591229,True,2024-12-26,A - SUSPECTED SERIOUS INJURY,1942,2024,THURSDAY,7 PM,FORREST WAY,31.78411484,-106.42351034,35,TROWBRIDGE DR,0,A - SUSPECTED SERIOUS INJURY,Pedestrian,1432400
20580632,True,2024-12-27,B - SUSPECTED MINOR INJURY,1258,2024,FRIDAY,12 PM,RICH BEEM BLVD,31.78217483,-106.23393038,35,PEBBLE HILLS BLVD,0,B - SUSPECTED MINOR INJURY,Cyclist,303200
20594143,True,2025-01-03,B - SUSPECTED MINOR INJURY,1646,2025,FRIDAY,4 PM,S FLORENCE ST,31.75223485,-106.48061033,35,E 7TH AVE,0,B - SUSPECTED MINOR INJURY,Pedestrian,303200
20606487,True,2025-01-10,A - SUSPECTED SERIOUS INJURY,1515,2025,FRIDAY,3 PM,E 6TH AVE,31.75258485,-106.48295033,35,S KANSAS ST,0,A - SUSPECTED SERIOUS INJURY,Pedestrian,1432400
20619342,True,2025-01-22,N - NOT INJURED,1123,2025,WEDNESDAY,11 AM,SUNMOUNT DR,31.78049484,-106.38421035,35,VISCOUNT BLVD,0,N - NOT INJURED,Pedestrian,0
20627621,True,2025-01-24,N - NOT INJURED,1600,2025,FRIDAY,4 PM,E YANDELL DR,31.78173484,-106.46144033,30,N PIEDRAS ST,0,N - NOT INJURED,Cyclist,0
20632177,True,2025-01-30,C - POSSIBLE INJURY,737,2025,THURSDAY,7 AM,VAL VERDE ST,31.76135485,-106.43264034,30,DELTA DR,0,C - POSSIBLE INJURY,Pedestrian,151600
20647690,True,2025-02-03,B - SUSPECTED MINOR INJURY,1405,2025,MONDAY,2 PM,CHERMONT DR,31.82139484,-106.53900031,40,SUNLAND PARK DR,0,B - SUSPECTED MINOR INJURY,Pedestrian,303200
20646471,True,2025-02-09,B - SUSPECTED MINOR INJURY,1123,2025,SUNDAY,11 AM,PEBBLE HILLS BLVD,31.78378484,-106.31726036,20,ROCKWALL LN,0,B - SUSPECTED MINOR INJURY,Pedestrian,303200
20654232,True,2025-02-13,N - NOT INJURED,1257,2025,THURSDAY,12 PM,TEXAS AVE,31.76048485,-106.48462033,30,N CAMPBELL ST,0,N - NOT INJURED,Cyclist,0
20663367,True,2025-02-17,N - NOT INJURED,1744,2025,MONDAY,5 PM,SAUL KLEINFELD DR,31.75857484,-106.27729037,35,FIREHOUSE DR,0,N - NOT INJURED,Pedestrian,0
20678868,True,2025-02-26,B - SUSPECTED MINOR INJURY,726,2025,WEDNESDAY,7 AM,E REDD RD,31.85935484,-106.5579603,40,N RESLER DR,0,B - SUSPECTED MINOR INJURY,Pedestrian,303200
20717214,True,2025-03-18,C - POSSIBLE INJURY,804,2025,TUESDAY,8 AM,N CAMPBELL ST,31.76048485,-106.48462033,30,TEXAS AVE,0,C - POSSIBLE INJURY,Pedestrian,151600
20710607,True,2025-03-19,B - SUSPECTED MINOR INJURY,712,2025,WEDNESDAY,7 AM,HERCULES AVE,31.85538483,-106.42293033,35,DIANA DR,0,B - SUSPECTED MINOR INJURY,Pedestrian,303200
20710607,True,2025-03-19,B - SUSPECTED MINOR INJURY,712,2025,WEDNESDAY,7 AM,HERCULES AVE,31.85538483,-106.42293033,35,DIANA DR,0,B - SUSPECTED MINOR INJURY,Pedestrian,303200
20711397,True,2025-03-19,N - NOT INJURED,2025,2025,WEDNESDAY,8 PM,TAMPA AVE,31.77488484,-106.41427034,30,N CLARK DR,0,N - NOT INJURED,Cyclist,0
20726384,True,2025-03-23,B - SUSPECTED MINOR INJURY,1800,2025,SUNDAY,6 PM,LA MORENITA CIR,31.66543486,-106.31239037,30,LA MORENITA CIR,0,B - SUSPECTED MINOR INJURY,Cyclist,303200
20746515,True,2025-04-07,B - SUSPECTED MINOR INJURY,937,2025,MONDAY,9 AM,VISTA DEL SOL DR,31.74966484,-106.29188037,30,GENE TORRES DR,0,B - SUSPECTED MINOR INJURY,Pedestrian,303200
20760239,True,2025-04-11,C - POSSIBLE INJURY,2100,2025,FRIDAY,9 PM,MT CARMEL AVE,31.69073485,-106.32811037,30,S ZARAGOZA RD,0,C - POSSIBLE INJURY,Pedestrian,151600
20762299,True,2025-04-16,C - POSSIBLE INJURY,750,2025,WEDNESDAY,7 AM,E SAN ANTONIO AVE,31.75899485,-106.48376033,30,S CAMPBELL ST,0,C - POSSIBLE INJURY,Pedestrian,151600
20826773,True,2025-05-15,B - SUSPECTED MINOR INJURY,723,2025,THURSDAY,7 AM,BISHOP FLORES DR,31.85925484,-106.5649603,35,THORN AVE,0,B - SUSPECTED MINOR INJURY,Pedestrian,303200
20826651,True,2025-05-16,C - POSSIBLE INJURY,839,2025,FRIDAY,8 AM,,31.78103484,-106.46147033,30,WYOMING AVE,0,C - POSSIBLE INJURY,Pedestrian,151600
20824388,True,2025-05-20,C - POSSIBLE INJURY,840,2025,TUESDAY,8 AM,GEORGE DIETER DR,31.79050484,-106.30232036,40,EDGEMERE BLVD,0,C - POSSIBLE INJURY,Cyclist,151600
20826390,True,2025-05-20,A - SUSPECTED SERIOUS INJURY,2000,2025,TUESDAY,8 PM,RUTHERFORD DR,31.87726483,-106.43558033,30,STAHALA DR,0,A - SUSPECTED SERIOUS INJURY,Pedestrian,1432400
20831288,True,2025-05-22,B - SUSPECTED MINOR INJURY,836,2025,THURSDAY,8 AM,BELLROSE DR,31.78499484,-106.39179035,35,EDGEMERE BLVD,0,B - SUSPECTED MINOR INJURY,Pedestrian,303200
20850808,True,2025-06-02,B - SUSPECTED MINOR INJURY,1011,2025,MONDAY,10 AM,DELTA DR,31.76135485,-106.43264034,30,VAL VERDE ST,0,B - SUSPECTED MINOR INJURY,Pedestrian,303200
20850808,True,2025-06-02,B - SUSPECTED MINOR INJURY,1011,2025,MONDAY,10 AM,DELTA DR,31.76135485,-106.43264034,30,VAL VERDE ST,0,B - SUSPECTED MINOR INJURY,Pedestrian,303200
20846040,True,2025-06-05,B - SUSPECTED MINOR INJURY,1220,2025,THURSDAY,12 PM,VISTA DEL SOL DR,31.74018484,-106.27088037,35,VISTA DEL SOL DR,0,B - SUSPECTED MINOR INJURY,Pedestrian,303200
20852847,True,2025-06-07,B - SUSPECTED MINOR INJURY,1700,2025,SATURDAY,5 PM,MISSISSIPPI AVE,31.78004485,-106.50186032,30,N CAMPBELL ST,0,B - SUSPECTED MINOR INJURY,Cyclist,303200
20865352,True,2025-06-10,B - SUSPECTED MINOR INJURY,1854,2025,TUESDAY,6 PM,JUSTUS ST,31.80312484,-106.45531033,30,HAMILTON AVE,0,B - SUSPECTED MINOR INJURY,Cyclist,303200
20891405,True,2025-06-21,N - NOT INJURED,1554,2025,SATURDAY,3 PM,DODGE RD,31.75097485,-106.37771035,30,DALE RD,0,N - NOT INJURED,Cyclist,0
20882979,True,2025-06-24,B - SUSPECTED MINOR INJURY,1427,2025,TUESDAY,2 PM,N YARBROUGH DR,31.74226485,-106.34589036,30,SAN PAULO DR,0,B - SUSPECTED MINOR INJURY,Cyclist,303200
20888886,True,2025-06-30,B - SUSPECTED MINOR INJURY,2020,2025,MONDAY,8 PM,BELLACUMBRE DR,31.85440484,-106.53050031,30,BELVIDERE ST,0,B - SUSPECTED MINOR INJURY,Cyclist,303200
21042273,True,2025-06-30,B - SUSPECTED MINOR INJURY,1405,2025,MONDAY,2 PM,,31.74259484,-106.30181037,40,GEORGE DIETER DR,0,B - SUSPECTED MINOR INJURY,Pedestrian,303200
20917400,True,2025-07-17,B - SUSPECTED MINOR INJURY,1447,2025,THURSDAY,2 PM,W RIO GRANDE AVE,31.76441485,-106.49340032,30,N OREGON ST,0,B - SUSPECTED MINOR INJURY,Cyclist,303200
20920296,True,2025-07-21,B - SUSPECTED MINOR INJURY,618,2025,MONDAY,6 AM,N EL PASO ST,31.76933485,-106.49905032,30,RIM RD,0,B - SUSPECTED MINOR INJURY,Pedestrian,303200
20923095,True,2025-07-22,B - SUSPECTED MINOR INJURY,1401,2025,TUESDAY,2 PM,E YANDELL DR,31.76265485,-106.49182032,30,N OREGON ST,0,B - SUSPECTED MINOR INJURY,Cyclist,303200
20965984,True,2025-08-18,B - SUSPECTED MINOR INJURY,855,2025,MONDAY,8 AM,OSBORNE DR,31.83740484,-106.5722403,35,OSBORNE DR,0,B - SUSPECTED MINOR INJURY,Pedestrian,303200
20980906,True,2025-08-23,C - POSSIBLE INJURY,1116,2025,SATURDAY,11 AM,DIANA DR,31.86997484,-106.42299958,35,HONDO PASS DR,0,C - POSSIBLE INJURY,Pedestrian,151600
20378900,True,2024-09-07,C - POSSIBLE INJURY,641,2024,SATURDAY,6 AM,JOSE BOMBACH DR,31.74031484,-106.27099037,35,VISTA DEL SOL DR,0,C - POSSIBLE INJURY,Cyclist,151600
20410576,True,2024-09-25,B - SUSPECTED MINOR INJURY,1120,2024,WEDNESDAY,11 AM,TITANIC AVE,31.85344483,-106.43333033,30,HOWARD ST,0,B - SUSPECTED MINOR INJURY,Pedestrian,303200
20412926,True,2024-09-26,B - SUSPECTED MINOR INJURY,1015,2024,THURSDAY,10 AM,,,,5,OREGON ST,0,B - SUSPECTED MINOR INJURY,Pedestrian,303200
20443202,True,2024-10-11,B - SUSPECTED MINOR INJURY,1915,2024,FRIDAY,7 PM,W GATEWAY BLVD,31.77217485,-106.37685035,40,HAWKINS BLVD,0,B - SUSPECTED MINOR INJURY,Pedestrian,303200
20479532,True,2024-10-23,C - POSSIBLE INJURY,1655,2024,WEDNESDAY,4 PM,WILLIAMETTE AVE,31.73857485,-106.33315036,30,LOMALAND DR,0,C - POSSIBLE INJURY,Pedestrian,151600
20542019,True,2024-12-04,C - POSSIBLE INJURY,1550,2024,WEDNESDAY,3 PM,N COTTON ST,31.77224485,-106.47348033,50,E MISSOURI AVE,0,C - POSSIBLE INJURY,Cyclist,151600
20575266,True,2024-12-22,B - SUSPECTED MINOR INJURY,2015,2024,SUNDAY,8 PM,BELVIDERE ST,31.85236484,-106.54369031,30,LA CHAPA AVE,0,B - SUSPECTED MINOR INJURY,Pedestrian,303200
20609120,True,2025-01-14,B - SUSPECTED MINOR INJURY,1740,2025,TUESDAY,5 PM,NOLAN RICHARDSON DR,31.79229483,-106.27636037,35,EDGEMERE BLVD,0,B - SUSPECTED MINOR INJURY,Pedestrian,303200
20676001,True,2025-02-23,B - SUSPECTED MINOR INJURY,1624,2025,SUNDAY,4 PM,GEORGE DIETER DR,31.76940484,-106.30358037,35,MONTWOOD DR,0,B - SUSPECTED MINOR INJURY,Pedestrian,303200
20676136,True,2025-02-23,K - FATAL INJURY,1417,2025,SUNDAY,2 PM,LAKE OMEGA ST,31.76925484,-106.30144037,35,MONTWOOD DR,1,K - FATAL INJURY,Pedestrian,13749500
20672803,True,2025-02-25,B - SUSPECTED MINOR INJURY,1847,2025,TUESDAY,6 PM,S VIRGINIA ST,31.75706485,-106.47995033,30,DELTA DR,0,B - SUSPECTED MINOR INJURY,Pedestrian,303200
20709177,True,2025-03-19,N - NOT INJURED,650,2025,WEDNESDAY,6 AM,N COTTON ST,31.76443485,-106.47357033,30,MAGOFFIN AVE,0,N - NOT INJURED,Pedestrian,0
20774019,True,2025-04-23,B - SUSPECTED MINOR INJURY,1622,2025,WEDNESDAY,4 PM,ALBUM AVE,31.77922484,-106.33914036,40,N YARBROUGH DR,0,B - SUSPECTED MINOR INJURY,Cyclist,303200
20871348,True,2025-06-18,C - POSSIBLE INJURY,1905,2025,WEDNESDAY,7 PM,E 7TH AVE,31.75245485,-106.47960033,30,S OCHOA ST,0,C - POSSIBLE INJURY,Pedestrian,151600
20936007,True,2025-07-29,C - POSSIBLE INJURY,1724,2025,TUESDAY,5 PM,PARQUE DEL SOL DR,31.88020483,-106.54849031,40,REDD RD,0,C - POSSIBLE INJURY,Cyclist,151600
20991446,True,2025-08-31,B - SUSPECTED MINOR INJURY,1657,2025,SUNDAY,4 PM,PLAYA TRONONES AVE,31.89548483,-106.5908103,25,LA PUESTA DR,0,B - SUSPECTED MINOR INJURY,Pedestrian,303200
20995138,True,2025-09-02,B - SUSPECTED MINOR INJURY,1725,2025,TUESDAY,5 PM,ROSEWOOD ST,31.78068484,-106.46551033,30,MONTANA AVE,0,B - SUSPECTED MINOR INJURY,Cyclist,303200
21010500,True,2025-09-12,B - SUSPECTED MINOR INJURY,1214,2025,FRIDAY,12 PM,N KANSAS ST,31.76207485,-106.48739033,30,E FRANKLIN AVE,0,B - SUSPECTED MINOR INJURY,Cyclist,303200
21053472,True,2025-09-12,B - SUSPECTED MINOR INJURY,1631,2025,FRIDAY,4 PM,HIGH RIDGE DR,31.86680483,-106.5575903,30,N RESLER DR,0,B - SUSPECTED MINOR INJURY,Cyclist,303200
21011335,True,2025-09-14,B - SUSPECTED MINOR INJURY,52,2025,SUNDAY,12 AM,SAUL KLEINFELD DR,31.78264485,-106.28502037,40,SAUL KLEINFELD DR,0,B - SUSPECTED MINOR INJURY,Cyclist,303200
21019693,True,2025-09-14,B - SUSPECTED MINOR INJURY,1450,2025,SUNDAY,2 PM,GEORGE DIETER DR,31.79050484,-106.30232036,35,EDGEMERE BLVD,0,B - SUSPECTED MINOR INJURY,Cyclist,303200
21013267,True,2025-09-15,B - SUSPECTED MINOR INJURY,1242,2025,MONDAY,12 PM,WOODROW BEAN,31.89938482,-106.39935034,30,BOMARC ST,0,B - SUSPECTED MINOR INJURY,Cyclist,303200
21024841,True,2025-09-15,B - SUSPECTED MINOR INJURY,1152,2025,MONDAY,11 AM,AIRWAY BLVD,31.7841,-106.39555003,-1,AIRWAY BLVD,0,B - SUSPECTED MINOR INJURY,Pedestrian,303200
21027299,True,2025-09-22,C - POSSIBLE INJURY,743,2025,MONDAY,7 AM,S OREGON ST,31.75188485,-106.48599033,30,E 6TH AVE,0,C - POSSIBLE INJURY,Pedestrian,151600
21034155,True,2025-09-26,B - SUSPECTED MINOR INJURY,735,2025,FRIDAY,7 AM,PASEO DEL PRADO DR,31.76797484,-106.27521037,35,PASEO GRANADA LN,0,B - SUSPECTED MINOR INJURY,Cyclist,303200
21036345,True,2025-09-26,C - POSSIBLE INJURY,1434,2025,FRIDAY,2 PM,S MESA ST,31.75827485,-106.48691033,35,E SAN ANTONIO AVE,0,C - POSSIBLE INJURY,Pedestrian,151600
21037726,True,2025-09-28,B - SUSPECTED MINOR INJURY,1359,2025,SUNDAY,1 PM,,,,40,DYER,0,B - SUSPECTED MINOR INJURY,Pedestrian,303200
21045927,True,2025-10-01,B - SUSPECTED MINOR INJURY,1736,2025,WEDNESDAY,5 PM,LILAC DR,31.73352485,-106.34893036,30,MAUER RD,0,B - SUSPECTED MINOR INJURY,Cyclist,303200
21046558,True,2025-10-03,N - NOT INJURED,1955,2025,FRIDAY,7 PM,FRANK CORDOVA CIR,31.75999484,-106.27563037,30,FIREHOUSE DR,0,N - NOT INJURED,Pedestrian,0
21050428,True,2025-10-04,B - SUSPECTED MINOR INJURY,901,2025,SATURDAY,9 AM,WESTSIDE DR,31.88584483,-106.62570029,35,W BORDERLAND RD,0,B - SUSPECTED MINOR INJURY,Pedestrian,303200
21054028,True,2025-10-07,B - SUSPECTED MINOR INJURY,758,2025,TUESDAY,7 AM,TEXAS AVE,31.75936485,-106.48634033,30,STANTON ST,0,B - SUSPECTED MINOR INJURY,Pedestrian,303200
21056684,True,2025-10-07,N - NOT INJURED,1115,2025,TUESDAY,11 AM,HAWKINS BLVD,31.77559484,-106.37460035,35,VISCOUNT BLVD,0,N - NOT INJURED,Pedestrian,0
21061463,True,2025-10-10,B - SUSPECTED MINOR INJURY,2022,2025,FRIDAY,8 PM,N VIRGINIA ST,31.76138485,-106.48143033,30,MYRTLE AVE,0,B - SUSPECTED MINOR INJURY,Pedestrian,303200
21067600,True,2025-10-14,B - SUSPECTED MINOR INJURY,1821,2025,TUESDAY,6 PM,W SCHUSTER AVE,31.76697485,-106.50100032,30,HAWTHORNE ST,0,B - SUSPECTED MINOR INJURY,Pedestrian,303200
21073724,True,2025-10-17,B - SUSPECTED MINOR INJURY,1222,2025,FRIDAY,12 PM,E YANDELL DR,31.78173484,-106.46144032,35,E YANDELL DR,0,B - SUSPECTED MINOR INJURY,Pedestrian,303200
21091876,True,2025-10-23,B - SUSPECTED MINOR INJURY,1703,2025,THURSDAY,5 PM,EL CAJON DR,31.83184484,-106.55177031,35,S RESLER DR,0,B - SUSPECTED MINOR INJURY,Pedestrian,303200
21091782,True,2025-10-25,C - POSSIBLE INJURY,1535,2025,SATURDAY,3 PM,S MESA ST,31.75386485,-106.48553033,40,E 4TH AVE,0,C - POSSIBLE INJURY,Pedestrian,151600
21095878,True,2025-10-27,B - SUSPECTED MINOR INJURY,2030,2025,MONDAY,8 PM,STILES DR,31.74172485,-106.37275035,40,N CAROLINA DR,0,B - SUSPECTED MINOR INJURY,Pedestrian,303200
21114260,True,2025-10-30,B - SUSPECTED MINOR INJURY,1609,2025,THURSDAY,4 PM,WHIRLAWAY DR,31.72799484,-106.27943037,20,STONE GATE LN,0,B - SUSPECTED MINOR INJURY,Pedestrian,303200
21103274,True,2025-11-01,C - POSSIBLE INJURY,1915,2025,SATURDAY,7 PM,WYOMING AVE,31.7619015,-106.4911846,30,N OREGON ST,0,C - POSSIBLE INJURY,Pedestrian,151600
21112840,True,2025-11-06,B - SUSPECTED MINOR INJURY,730,2025,THURSDAY,7 AM,HAWTHORNE ST,31.76697485,-106.50100032,30,W SCHUSTER AVE,0,B - SUSPECTED MINOR INJURY,Pedestrian,303200
21119605,True,2025-11-11,B - SUSPECTED MINOR INJURY,1759,2025,TUESDAY,5 PM,N YARBROUGH DR,31.72860485,-106.34791036,40,N LOOP DR,0,B - SUSPECTED MINOR INJURY,Pedestrian,303200
21131199,True,2025-11-17,C - POSSIBLE INJURY,859,2025,MONDAY,8 AM,N RESLER DR,31.86680483,-106.5575903,30,HIGH RIDGE DR,0,C - POSSIBLE INJURY,Pedestrian,151600
21138231,True,2025-11-18,B - SUSPECTED MINOR INJURY,1738,2025,TUESDAY,5 PM,RAYNOLDS ST,31.78368484,-106.43288034,35,MONTANA AVE,0,B - SUSPECTED MINOR INJURY,Pedestrian,303200
21139289,True,2025-11-20,B - SUSPECTED MINOR INJURY,1600,2025,THURSDAY,4 PM,GLORY RD,31.77536528,-106.5086588,30,E BALTIMORE DR,0,B - SUSPECTED MINOR INJURY,Pedestrian,303200
21154288,True,2025-11-25,C - POSSIBLE INJURY,1723,2025,TUESDAY,5 PM,E 4TH AVE,31.75363485,-106.48656033,35,S OREGON ST,0,C - POSSIBLE INJURY,Pedestrian,151600
21154509,True,2025-12-01,N - NOT INJURED,738,2025,MONDAY,7 AM,MONTWOOD DR,31.76735484,-106.29080037,35,LEE BLVD,0,N - NOT INJURED,Cyclist,0
21157541,True,2025-12-01,A - SUSPECTED SERIOUS INJURY,1020,2025,MONDAY,10 AM,,31.69726485,-106.31726037,25,LANCASTER DR,0,A - SUSPECTED SERIOUS INJURY,Pedestrian,1432400
21157910,True,2025-12-02,N - NOT INJURED,714,2025,TUESDAY,7 AM,CHARLES FOSTER AVE,31.77652483,-106.21673038,45,JOHN HAYES ST,0,N - NOT INJURED,Cyclist,0
21173153,True,2025-12-10,B - SUSPECTED MINOR INJURY,752,2025,WEDNESDAY,7 AM,E REDD RD,31.87530483,-106.54827199,30,BEAR RIDGE DR,0,B - SUSPECTED MINOR INJURY,Pedestrian,303200
21189054,True,2025-12-14,B - SUSPECTED MINOR INJURY,430,2025,SUNDAY,4 AM,N CLARK DR,31.77702484,-106.41243034,40,TROWBRIDGE DR,0,B - SUSPECTED MINOR INJURY,Cyclist,303200
21189526,True,2025-12-16,C - POSSIBLE INJURY,1910,2025,TUESDAY,7 PM,RALPH SEITSINGER DR,31.78962354,-106.22526697,35,RALPH SEITSINGER DR,0,C - POSSIBLE INJURY,Cyclist,151600
21190260,True,2025-12-20,C - POSSIBLE INJURY,2005,2025,SATURDAY,8 PM,W SAN ANTONIO AVE,31.75720485,-106.48999033,30,N SANTA FE ST,0,C - POSSIBLE INJURY,Pedestrian,151600
21205116,True,2025-12-29,N - NOT INJURED,1752,2025,MONDAY,5 PM,N YARBROUGH DR,31.75638484,-106.34222036,35,VISTA DEL SOL DR,0,N - NOT INJURED,Pedestrian,0
21228129,True,2026-01-04,B - SUSPECTED MINOR INJURY,1616,2026,SUNDAY,4 PM,SHADOW WILLOW DR,31.82113484,-106.5844703,30,LAZY WILLOW DR,0,B - SUSPECTED MINOR INJURY,Cyclist,303200
21216267,True,2026-01-05,B - SUSPECTED MINOR INJURY,1237,2026,MONDAY,12 PM,HUCKLEBERRY ST,31.78036484,-106.42916034,40,E YANDELL DR,0,B - SUSPECTED MINOR INJURY,Pedestrian,303200
21251934,True,2026-01-07,C - POSSIBLE INJURY,720,2026,WEDNESDAY,7 AM,GERALD DR,31.77967484,-106.38095035,20,VISCOUNT BLVD,0,C - POSSIBLE INJURY,Pedestrian,151600
21234806,True,2026-01-09,B - SUSPECTED MINOR INJURY,804,2026,FRIDAY,8 AM,SAUL KLEINFELD DR,31.78944484,-106.28509037,35,SNOW CLOUD CT,0,B - SUSPECTED MINOR INJURY,Pedestrian,303200
21234213,True,2026-01-11,B - SUSPECTED MINOR INJURY,133,2026,SUNDAY,1 AM,PUEBLO ST,31.78046484,-106.43100034,35,E YANDELL DR,0,B - SUSPECTED MINOR INJURY,Pedestrian,303200
21224208,True,2026-01-12,B - SUSPECTED MINOR INJURY,1100,2026,MONDAY,11 AM,TRAWOOD DR,31.76463484,-106.30815037,30,DALE DOUGLAS DR,0,B - SUSPECTED MINOR INJURY,Pedestrian,303200
21225166,True,2026-01-12,C - POSSIBLE INJURY,1747,2026,MONDAY,5 PM,E SCHUSTER AVE,31.77867485,-106.48722032,30,BROWN ST,0,C - POSSIBLE INJURY,Pedestrian,151600
21242262,True,2026-01-12,B - SUSPECTED MINOR INJURY,952,2026,MONDAY,9 AM,RABE CT,31.70240485,-106.32152037,-1,N ZARAGOZA RD,0,B - SUSPECTED MINOR INJURY,Pedestrian,303200
21236088,True,2026-01-19,N - NOT INJURED,1820,2026,MONDAY,6 PM,E FATHER RAHM AVE,31.75345485,-106.48321033,30,S KANSAS ST,0,N - NOT INJURED,Pedestrian,0
21236088,True,2026-01-19,N - NOT INJURED,1820,2026,MONDAY,6 PM,E FATHER RAHM AVE,31.75345485,-106.48321033,30,S KANSAS ST,0,N - NOT INJURED,Pedestrian,0
21236088,True,2026-01-19,N - NOT INJURED,1820,2026,MONDAY,6 PM,E FATHER RAHM AVE,31.75345485,-106.48321033,30,S KANSAS ST,0,N - NOT INJURED,Pedestrian,0
21236088,True,2026-01-19,N - NOT INJURED,1820,2026,MONDAY,6 PM,E FATHER RAHM AVE,31.75345485,-106.48321033,30,S KANSAS ST,0,N - NOT INJURED,Pedestrian,0
21236088,True,2026-01-19,N - NOT INJURED,1820,2026,MONDAY,6 PM,E FATHER RAHM AVE,31.75345485,-106.48321033,30,S KANSAS ST,0,N - NOT INJURED,Pedestrian,0
21245548,True,2026-01-19,B - SUSPECTED MINOR INJURY,1424,2026,MONDAY,2 PM,N MESA ST,31.79533484,-106.51119032,35,EXECUTIVE CENTER BLVD,0,B - SUSPECTED MINOR INJURY,Pedestrian,303200
21243558,True,2026-01-21,C - POSSIBLE INJURY,1145,2026,WEDNESDAY,11 AM,N KANSAS ST,31.77512485,-106.49887032,30,KERBEY AVE,0,C - POSSIBLE INJURY,Pedestrian,151600
21249583,True,2026-01-28,C - POSSIBLE INJURY,700,2026,WEDNESDAY,7 AM,OJO DE AGUA DR,31.86172483,-106.52402031,30,VIA DESCANSO DR,0,C - POSSIBLE INJURY,Cyclist,151600
21256940,True,2026-01-30,C - POSSIBLE INJURY,1845,2026,FRIDAY,6 PM,HUNTER DR,31.75235484,-106.36517035,30,MAZATLAN DR,0,C - POSSIBLE INJURY,Pedestrian,151600
21277759,True,2026-02-02,B - SUSPECTED MINOR INJURY,1704,2026,MONDAY,5 PM,,31.75143485,-106.47599033,30,E 9TH AVE,0,B - SUSPECTED MINOR INJURY,Pedestrian,303200
21262138,True,2026-02-03,B - SUSPECTED MINOR INJURY,1345,2026,TUESDAY,1 PM,ELM ST,31.78864484,-106.46240033,30,GOLD AVE,0,B - SUSPECTED MINOR INJURY,Cyclist,303200
21263664,True,2026-02-05,B - SUSPECTED MINOR INJURY,804,2026,THURSDAY,8 AM,,31.79721483,-106.24841038,35,R C POE RD,0,B - SUSPECTED MINOR INJURY,Pedestrian,303200
21265847,True,2026-02-05,A - SUSPECTED SERIOUS INJURY,1932,2026,THURSDAY,7 PM,AMECA ST,31.74379485,-106.35847036,30,ADOBE DR,0,A - SUSPECTED SERIOUS INJURY,Pedestrian,1432400
21276571,True,2026-02-06,B - SUSPECTED MINOR INJURY,1640,2026,FRIDAY,4 PM,EDGEMERE BLVD,31.79216483,-106.27636037,35,NOLAN RICHARDSON DR,0,B - SUSPECTED MINOR INJURY,Pedestrian,303200
21293830,True,2026-02-24,B - SUSPECTED MINOR INJURY,718,2026,TUESDAY,7 AM,STONE GATE LN,31.72799484,-106.27943037,35,WHIRLAWAY DR,0,B - SUSPECTED MINOR INJURY,Pedestrian,303200
21299226,True,2026-02-26,B - SUSPECTED MINOR INJURY,1540,2026,THURSDAY,3 PM,YERMOLAND DR,31.73507485,-106.33373036,35,LOMALAND DR,0,B - SUSPECTED MINOR INJURY,Pedestrian,303200
